Strain,THCa,CBGa,THC,CBCa,THCva,CBG,CBD,CBN,CBDa,CBDva,Î”8-THC,THCv,CBDv,CBC,CBL,CBLa,CBCv,CBT,CBNa,Î”9-THC
White Truffle (B),22.9,0.41,0.22,0.22,0.17,0.16,0,0,0,0,0,0,0,0,0,0,0,0,0,0
White Truffle (A),21.5,0.21,1.42,0.2,0.14,0.11,0,0,0,0,0,0,0,0,0,0,0,0,0,0
Mac Stomper (A),25.2,1.57,1.54,0.24,0.11,0.13,0,0,0.07,0,0,0,0,0,0,0,0,0,0,0
Mac Stomper (B),24.6,1.51,0.32,0.24,0.1,0.12,0,0,0.06,0,0,0,0,0,0,0,0,0,0,0
Black Ice (B),21.2,0.63,0.28,0.26,0.69,0.08,0,0,0.05,0,0,0,0,0,0,0,0,0,0,0
Trop Cherry,18.9,0.66,0.27,0.18,0.24,0.15,0,0,0,0,0,0,0,0,0,0,0,0,0,0
Black Ice (A),21.3,0.63,0.3,0.27,0.68,0.08,0,0,0.05,0,0,0,0,0,0,0,0,0,0,0
Blue Party Hat,29.4,1.17,0.09,0.25,0.09,0.13,0,0,0.08,0,0,0,0,0,0,0,0,0,0,0
RS11,20.3,0.83,0.36,0.34,0.12,0.17,0,0,0.06,0,0,0,0,0,0,0,0,0,0,0
Loud Mouth Grapes,22.8,0.49,0.28,0.46,0.18,0.25,0,0,0,0,0,0,0,0,0,0,0,0,0,0
Permanent Marker,22.9,0.41,1.1,0.22,0.08,0.14,0,0,0.06,0,0,0,0,0,0,0,0,0,0,0
Zkittles,24.2,0.95,0.55,0.28,0.11,0.1,0,0,0.07,0,0,0,0,0,0,0,0,0,0,0
Tropicana Cherry,17.5,0.75,0.61,0.17,0.16,0.12,0,0,0.05,0,0,0,0,0,0,0,0,0,0,0
MACv2,26.5,0.57,0.33,0.33,0.17,0.09,0,0,0.08,0,0,0,0,0,0,0,0,0,0,0
MUSK1,24.2,1.27,0.21,0.43,0.16,0,0,0,0,0,0,0,0,0,0,0,0,0,0,0
Purple Diesel,21.4,0.21,0.39,0.44,0.12,0.07,0,0,0.06,0,0,0,0,0,0,0,0,0,0,0
Runtz,21.1,0.58,0.5,0.19,0.08,0.07,0,0,0.06,0,0,0,0,0,0,0,0,0,0,0
MAC 1 Caps Cut,23.1,0.67,0.4,0.37,0.13,0,0,0,0,0,0,0,0,0,0,0,0,0,0,0
Ice Cream Cake,17.4,0.41,1.32,0.23,0.08,0.17,0,0,0,0,0,0,0,0,0,0,0,0,0,0
Permanent Marker,20.3,1.53,0.95,0.2,0.08,0.15,0,0,0.06,0,0,0,0,0,0,0,0,0,0,0
Twice Baked Mamas,19.1,1.28,0.14,0.15,0.07,0.17,0,0,0,0,0,0,0,0,0,0,0,0,0,0
Strawberry Cough,25.5,1.2,1.08,0.28,0.34,0.14,0,0,0,0,0,0,0,0,0,0,0,0,0,0
Han Solo Burger,20.3,0.53,0.61,0.42,0.09,0.1,0,0,0,0,0,0,0,0,0,0,0,0,0,0
Nutter Butter,23.2,1.11,1.04,0.31,0.11,0.11,0,0,0.07,0,0,0,0,0,0,0,0,0,0,0
Jelly Rancher,23.8,0.58,0.19,0.34,0.11,0.12,0,0,0.05,0,0,0,0,0,0,0,0,0,0,0
Lemon Creamsicle,22.4,0.96,0.47,0.21,0.11,0.08,0,0,0,0,0,0,0,0,0,0,0,0,0,0
Ya Hemi,16.3,0.21,0.32,0.24,0.64,0.09,0,0,0,0,0,0,0,0,0,0,0,0,0,0
Jokerz 31,23,0.7,1.35,0.56,0.11,0.17,0,0,0.06,0,0,0,0,0,0,0,0,0,0,0
Black Cherry Punch,24,1.73,0.4,0.33,0.17,0.14,0,0,0.07,0,0,0,0,0,0,0,0,0,0,0
Apple Fritter,23,0.69,0.35,0.2,0.09,0.11,0,0,0.06,0,0,0,0,0,0,0,0,0,0,0
Black Cherry Punch,24,1.73,0.4,0.33,0.17,0.14,0,0,0.07,0,0,0,0,0,0,0,0,0,0,0
Apple Fritter,23,0.69,0.35,0.2,0.09,0.11,0,0,0.06,0,0,0,0,0,0,0,0,0,0,0
Guava Tart,25.6,0.9,0.35,0.22,0.11,0.15,0,0,0.07,0,0,0,0,0,0,0,0,0,0,0
Gary Payton,20.7,0.82,0.6,0.23,0.14,0.09,0,0,0.05,0,0,0,0,0,0,0,0,0,0,0
Emergen-C,26.9,0.99,1,0.25,0.07,0.13,0,0,0.07,0,0,0,0,0,0,0,0,0,0,0
Sprout 1.4B,16.6,2.2,0.63,0.25,0,0.23,0,0,0,0,0,0,0,0,0,0,0,0,0,0
Sprout 1.4A,15.8,2.16,0.6,0.26,0,0.22,0,0,0,0,0,0,0,0,0,0,0,0,0,0
Frosted Biscotti #1,18.4,0.59,0.62,0.18,0.05,0.18,0,0,0,0,0,0,0,0,0,0.23,0,0,0,0
Nate's Viking Milk,21.1,0.67,0.09,0.2,0.06,0.12,0,0,0.06,0,0,0,0,0,0,0,0,0,0,0
SF,18.3,0.53,1.32,0.18,0.28,0.09,0,0,0,0,0,0,0,0,0,0,0,0,0,0
C,13.9,0.45,0.67,0.21,0.24,0.06,0,0,0,0,0,0,0,0,0,0,0,0,0,0
Black Vino,18.1,0.53,0.75,0.18,0,0.15,0,0,0,0,0,0,0,0,0,0,0,0,0,0
A,24.9,1.65,0.35,0.73,0.13,0.24,0,0,0.06,0,0,0,0,0,0,0,0,0,0,0
B,19.8,2.37,0.7,0.55,0.1,0.29,0,0,0,0,0,0,0,0,0,0,0,0,0,0
Wedding Cake,27.1,1.29,0.78,0.23,0.63,0.07,0,0,0.05,0,0,0,0,0,0,0,0,0,0,0
Pool Pupil23,3.03,0.15,0.16,0.36,0.2,0.09,0.09,0,5.57,0,0,0,0,0,0,0,0,0,0,0
PACBDCP23,10.9,0.22,2.41,0.19,0.07,0.09,0,0,0.07,0,0,0,0,0,0,0,0,0,0,0
Peach Chow Mein,17.6,1.24,1.5,0.31,0.1,0.11,0,0,0,0,0,0,0,0,0,0,0,0,0,0
Joe's Vermont Purple,13.3,0.27,0.51,0.2,0.05,0,0,0,0,0,0,0,0,0,0,0,0,0,0,0
Early Lemon Berry,16.3,0.29,1,0.19,0.16,0.1,0,0,0,0,0,0,0,0,0,0,0,0,0,0
ELB Outside,18.5,0.4,0.86,0.22,0.2,0.09,0,0,0,0,0,0,0,0,0,0,0,0,0,0
ELB Clone #4,19.2,0.49,0.6,0.24,0.14,0.12,0,0,0,0,0,0,0,0,0,0,0,0,0,0
GMO Flower,23,1.09,0.93,0.36,0.16,0.12,0,0,0,0,0,0,0,0,0,0,0,0,0,0
White Wedding,17.3,0.38,0.52,0.21,0,0.11,0,0,0,0,0,0,0,0,0,0,0,0,0,0
Black Berry Kush,14.6,1.03,1.99,0.19,0.1,0.23,0,0,0,0,0,0,0,0,0,0,0,0,0,0
Permanent Marker,23.2,0.71,1.33,0.2,0.07,0.13,0,0,0.06,0,0,0,0,0,0,0,0,0,0,0
Cap Junky,31.3,1.69,0.48,0.33,0.21,0.1,0,0,0.06,0,0,0,0,0,0,0,0,0,0,0
SK,20.7,0.91,0.51,0.17,0.07,0,0,0,0.05,0,0,0,0,0,0,0,0,0,0,0
Grapes & Cream,26.6,1.37,0.61,0.23,0.07,0.13,0,0,0.07,0,0,0,0,0,0,0,0,0,0,0
Jokerz31,16.7,0.71,2.87,0.33,0.08,0.16,0,0,0,0,0,0,0,0,0,0,0,0,0,0
GG#4,19.3,0.63,2.46,0.18,0.1,0.14,0,0,0.05,0,0,0,0,0,0,0,0,0,0,0
Hippie Crasher (B),23.5,1.56,0.68,0.2,0.1,0.15,0,0,0.06,0,0,0,0,0,0,0,0,0,0,0
Detroit Runtz,17.1,0.39,0.83,0.16,0,0.17,0,0,0,0,0,0,0,0,0,0,0,0,0,0
Hippie Crasher (A),26.3,2.43,1.2,0.26,0.12,0.2,0,0,0.07,0,0,0,0,0,0,0,0,0,0,0
RS11 (A),19.3,0.66,2.25,0.21,0.1,0.16,0,0,0.05,0,0,0,0,0,0,0,0,0,0,0
RS11 (B),18.5,0.92,0.84,0.28,0.09,0.13,0,0,0,0,0,0,0,0,0,0,0,0,0,0
Gary Payton,17.8,0.43,1.53,0.23,0.1,0.09,0,0,0,0,0,0,0,0,0,0,0,0,0,0
Soap,21.3,0.49,0.38,0.15,0,0.09,0,0,0.06,0,0,0,0,0,0,0,0,0,0,0
Banana Kush,25.9,0.85,0.56,0.25,0.21,0.13,0,0,0.06,0,0,0,0,0,0,0,0,0,0,0
Super Boof,25.2,1.15,0.11,0.24,0.11,0.24,0,0,0,0,0,0,0,0,0,0,0,0,0,0
Runtz,21.4,0.49,0.46,0.22,0.09,0.12,0,0,0.05,0,0,0,0,0,0,0,0,0,0,0
Twice Baked Mama,17.5,0.48,0.09,0.14,0.06,0.19,0,0,0,0,0,0,0,0,0,0,0,0,0,0
Jelly Rancher,23.1,0.5,0.16,0.45,0.12,0.16,0,0,0,0,0,0,0,0,0,0,0,0,0,0
Ya Hemi,16.4,0.23,0.25,0.19,0.66,0.11,0,0,0,0,0,0,0,0,0,0,0,0,0,0
MUSK1,20.8,1.39,0.16,0.35,0.15,0,0,0,0,0,0,0,0,0,0,0,0,0,0,0
MACv2,25.4,0.71,0.3,0.37,0.16,0.16,0,0,0,0,0,0,0,0,0,0,0,0,0,0
Capstone,13.9,1.37,1.49,0.2,0.11,0.17,0,0,0.05,0,0,0,0,0,0,0,0,0,0,0
Apple Fritter,23.8,0.52,0.4,0.25,0.09,0.12,0,0,0.06,0,0,0,0,0,0,0,0,0,0,0
Strawberry Cough,25,1.16,0.45,0.26,0.31,0.15,0,0,0.05,0,0,0,0,0,0,0,0,0,0,0
Ice Cream Cake,21.4,0.5,0.53,0.28,0.1,0.21,0,0,0.06,0,0,0,0,0,0,0,0,0,0,0
Gary Payton,17,0.41,0.46,0.19,0.09,0.11,0,0,0,0,0,0,0,0,0,0,0,0,0,0
Indian Landrace,17.6,0.9,0.07,0.12,0.13,0.08,0,0,0,0,0,0,0,0,0,0,0,0,0,0
Super Boof,25.2,1.15,0.11,0.24,0.11,0.24,0,0,0,0,0,0,0,0,0,0,0,0,0,0
Runtz,21.4,0.49,0.46,0.22,0.09,0.12,0,0,0.05,0,0,0,0,0,0,0,0,0,0,0
Ya Hemi,16.4,0.23,0.25,0.19,0.66,0.11,0,0,0,0,0,0,0,0,0,0,0,0,0,0
Zookies,23.9,0.85,0.2,0.24,0.13,0.07,0,0,0.05,0,0,0,0,0,0,0,0,0,0,0
Capstone,13.9,1.37,1.49,0.2,0.11,0.17,0,0,0.05,0,0,0,0,0,0,0,0,0,0,0
Black Cherry Punch,20.4,1.35,0.43,0.25,0.15,0.15,0,0,0.06,0,0,0,0,0,0,0,0,0,0,0
Jelly Rancher,23.1,0.5,0.16,0.45,0.12,0.16,0,0,0,0,0,0,0,0,0,0,0,0,0,0
Apple Fritter,23.8,0.52,0.4,0.25,0.09,0.12,0,0,0.06,0,0,0,0,0,0,0,0,0,0,0
#2,0,0,0,0,0,0,0,0,0,0,0,0,0,0,0,0,0,0,0,0
The Soap,24.7,0.4,0.32,0.1,0.06,0.09,0,0,0.06,0,0,0,0,0,0,0,0,0,0,0
Miracle Mints,28.3,0.58,0.37,0.28,0.18,0.1,0,0,0.06,0,0,0,0,0,0,0,0,0,0,0
Strawberry Gummy Bears,17.1,0.12,0.95,0.19,0.1,0.15,0,0,0.06,0,0,0,0,0,0,0,0,0,0,0
Gelly Biscuit #2,24.7,1.34,0.51,0.23,0.09,0.2,0,0,0.06,0,0,0,0,0,0,0,0,0,0,0
Gelly Biscuit #1,26.9,2.62,0.43,0.35,0.18,0.18,0,0,0.07,0,0,0,0,0,0,0,0,0,0,0
Strawberry Eclair,19.1,1.29,0.34,0.42,0.1,0.15,0,0,0.06,0,0,0,0,0,0,0,0,0,0,0
Barabajagal,17.3,0.55,0.37,0.3,0.12,0.13,0,0,0,0,0,0,0,0,0,0,0,0,0,0
Sleepwalker,19.6,0.99,0.27,0.56,0.14,0.21,0,0,0,0,0,0,0,0,0,0,0,0,0,0
Mandarin Jack,20.2,0.68,0.17,0.16,0.1,0,0,0,0,0,0,0,0,0,0,0,0,0,0,0
Banana Ice Cream,25.3,1.91,0.93,0.16,0.2,0.17,0,0,0.07,0,0,0,0,0,0,0,0,0,0,0
Zookies,17.2,0.47,0.36,0.17,0.09,0.05,0,0,0.02,0,0,0,0,0,0,0,0,0,0,0
Strawberry Cough,24.4,1.53,0.7,0.3,0.34,0.15,0,0,0.05,0,0,0,0,0,0,0,0,0,0,0
Zkittlez,25.1,0.36,0.47,0.25,0.1,0.14,0,0,0.06,0,0,0,0,0,0,0,0,0,0,0
Tropical Barbeque Sauce #5,14.3,1.09,0.99,0.38,0.06,0.11,0,0,0,0,0,0,0,0,0,0,0,0.28,0,0
Tropical Barbeque Sauce #10,20.1,0.97,0.69,0.27,0.09,0.14,0,0,0,0,0,0,0,0,0,0,0,0,0,0
Superboof,22.9,1.1,0.2,0.25,0.1,0.28,0,0,0,0,0,0,0,0,0,0,0,0,0,0
Trop Cherry,17.3,0.9,0.48,0.16,0.13,0.12,0,0,0.05,0,0,0,0,0,0,0,0,0,0,0
Purple Chemdawg,21.8,1.18,0.76,0.21,0.12,0.25,0,0,0.06,0,0,0,0,0,0,0,0,0,0,0
Tropical Barbeque Sauce #10,20.1,0.97,0.69,0.27,0.09,0.14,0,0,0,0,0,0,0,0,0,0,0,0,0,0
Tropical Barbeque Sauce #5,14.3,1.09,0.99,0.38,0.06,0.11,0,0,0,0,0,0,0,0,0,0,0,0.28,0,0
Blueberry Chemdawg,17.8,1.24,0.38,0.3,0.12,0.14,0,0,0,0,0,0,0,0,0,0,0,0.07,0,0
Trop Cherry,17.3,0.9,0.48,0.16,0.13,0.12,0,0,0.05,0,0,0,0,0,0,0,0,0,0,0
Capstone,13.8,1.33,1.63,0.23,0.16,0.15,0,0,0,0,0,0,0,0,0,0,0,0,0,0
Indian Landrace,20.1,1.07,0.18,0.17,0.14,0.1,0,0,0.05,0,0,0,0,0,0,0,0,0,0,0
Tropical Barbecue Sauce 2.0,18.4,0.83,0.58,0.34,0.09,0.11,0,0,0,0,0,0,0,0,0,0,0,0,0,0
Sprout,10.8,2.32,3.64,0.18,0,0.42,0,0,0,0,0,0,0,0,0,0,0,0,0,0
Cap Junkie,31.4,0.91,0.33,0.32,0.2,0.11,0,0,0.09,0,0,0,0,0,0,0.45,0,0,0,0
Orange Harambe,16.4,0.44,0.37,0.19,0.14,0.17,0,0,0,0,0,0,0,0.06,0,0,0,0,0,0
Candy Rocks,31.7,1.16,0.89,0.26,0.17,0.16,0,0,0.06,0,0,0,0,0,0,0,0,0,0,0
Kosher Banger,28.8,1,0.79,0.23,0.15,0.15,0,0,0.06,0,0,0,0,0,0,0,0,0,0,0
Mandarin Cookies,19.3,0.73,0.65,0.17,0.61,0.12,0,0,0,0,0,0,0,0,0,0,0,0,0,0
OMG,25.5,0.81,0.34,0.22,0.12,0.12,0,0,0.05,0,0,0,0,0,0,0,0,0,0,0
C1- Fortified Biomass,0,0,0,0,0,0,0,0,0,0,0,0,0,0,0,0,0,0,0,0
Ice Cream Cake,17.5,0.45,1.3,0.21,0.09,0.14,0,0,0,0,0,0,0,0,0,0.27,0,0,0,0
White Truffle,20,0.49,0.58,0.21,0.09,0.09,0,0,0.05,0,0,0,0,0,0,0.61,0,0,0,0
Oreoz,21.5,0.47,0.47,0.28,0.71,0.06,0,0,0.05,0,0,0,0,0,0,0,0,0,0,0
Purple Pinner,25.9,0.43,0.62,0.27,0.15,0.14,0,0,0.07,0,0,0,0,0,0,0.44,0,0,0,0
Zookies,21.4,0.6,0.34,0.23,0.11,0.06,0,0,0.05,0,0,0,0,0,0,0.35,0,0,0,0
Indian Landrace,17.9,0.88,0.24,0.11,0.13,0,0,0,0,0,0,0,0,0,0,0,0,0,0,0
MACv2,27.1,0.82,0.74,0.37,0.19,0.11,0,0,0.07,0,0,0,0,0,0,0,0,0,0,0
Fruit Roll,22.8,0.8,0.87,0.24,0.14,0.14,0,0,0,0,0,0,0,0,0,0.66,0,0,0,0
Dead Unicorn,23.7,0.75,0.97,0.31,0.12,0.17,0,0,0.07,0,0,0,0,0,0,0,0,0,0,0
Falcare,28.2,0.61,1.11,0.3,0.19,0.15,0,0,0,0,0,0,0,0,0,0,0,0,0,0
Purple Punch,18.2,0.74,0.47,0.2,0,0.15,0,0,0,0,0,0,0,0,0,0,0,0,0,0
Black Oreo,21.7,0.47,0.38,0.29,0.68,0.08,0,0,0,0,0,0,0,0,0,0,0,0,0,0
Mac Grape,19.7,0.18,0.65,0.19,0.08,0.1,0,0,0.06,0,0,0,0,0,0,0,0,0,0,0
Mango Chow Mein,22.5,0.59,1.19,0.2,0.16,0.13,0,0,0,0,0,0,0,0,0,0,0,0,0,0
Gelly Biscuit #2,24.1,0.87,0.42,0.19,0.08,0.22,0,0,0.06,0,0,0,0,0,0,0.07,0,0,0,0
Gelly Biscuit #1,27.5,1.73,0.45,0.32,0.17,0.17,0,0,0.07,0,0,0,0,0,0,0,0,0,0,0
Banana Ice Cream,24.2,1.05,0.38,0.15,0.18,0.16,0,0,0,0,0,0,0,0,0,0,0,0,0,0
Waffle Dough,27.4,0.92,0.86,0.25,0.12,0.18,0,0,0.06,0,0,0,0,0,0,0,0,0,0,0
Sugarcane,19.4,0.37,0.32,0.28,0.21,0.08,0,0,0.05,0,0,0,0,0,0,0,0,0,0,0
Dante's Inferno #6,22.7,0.2,0.58,0.29,0.06,0.09,0,0,0.05,0,0,0,0,0,0,0,0,0,0.05,0
Dante's Inferno #7,24.1,0.39,0.4,0.31,0.11,0.14,0,0,0.06,0,0,0,0,0,0,0,0,0,0,0
#2,22.9,0.53,0.25,0.13,0.09,0.18,0,0,0,0,0,0,0,0,0,0,0,0,0,0
#9,25.8,1.07,0.4,0.17,0.15,0.15,0,0,0.06,0,0,0,0,0,0,0,0,0,0,0
Wedding Pie,22.6,1.32,0.45,0.22,0.09,0.1,0,0,0.06,0,0,0,0,0,0,0,0,0,0,0
Kings Kake,30.5,0.64,0.59,0.26,0.14,0.17,0,0,0.08,0,0,0,0,0,0,0.28,0,0,0,0
Bruce Juice,32.7,1.86,0.47,0.43,0.19,0.21,0,0,0.06,0,0,0,0,0,0,0.19,0,0,0,0
Terpy Tyron - LT x AC,0,0,0,0,0,0,0,0,0,0,0,0,0,0,0,0,0,0,0,0
Josh Cooper - Runtz,0,0,0,0,0,0,0,0,0,0,0,0,0,0,0,0,0,0,0,0
Jeff Burns - B21,0,0,0,0,0,0,0,0,0,0,0,0,0,0,0,0,0,0,0,0
B* Baby D,0,0,0,0,0,0,0,0,0,0,0,0,0,0,0,0,0,0,0,0
Adirondack Grass - Midnight Moodlight,0,0,0,0,0,0,0,0,0,0,0,0,0,0,0,0,0,0,0,0
Brandon - Lemon Berry Candy,0,0,0,0,0,0,0,0,0,0,0,0,0,0,0,0,0,0,0,0
Dennis - PPC,0,0,0,0,0,0,0,0,0,0,0,0,0,0,0,0,0,0,0,0
Lance Lamont - Silver Goat,0,0,0,0,0,0,0,0,0,0,0,0,0,0,0,0,0,0,0,0
Liberty Garden - MAC1,0,0,0,0,0,0,0,0,0,0,0,0,0,0,0,0,0,0,0,0
Charlie Walter - Game Changer,0,0,0,0,0,0,0,0,0,0,0,0,0,0,0,0,0,0,0,0
Brad Kretzer - CRH,0,0,0,0,0,0,0,0,0,0,0,0,0,0,0,0,0,0,0,0
Brandon - Deathstow,0,0,0,0,0,0,0,0,0,0,0,0,0,0,0,0,0,0,0,0
Josh Cooper - PKB,0,0,0,0,0,0,0,0,0,0,0,0,0,0,0,0,0,0,0,0
Dennis - A Dub,0,0,0,0,0,0,0,0,0,0,0,0,0,0,0,0,0,0,0,0
Brandon - Purple Marmalade,0,0,0,0,0,0,0,0,0,0,0,0,0,0,0,0,0,0,0,0
Luman Chichester - Blueberry,0,0,0,0,0,0,0,0,0,0,0,0,0,0,0,0,0,0,0,0
Lance Lamont - Albany Piff,0,0,0,0,0,0,0,0,0,0,0,0,0,0,0,0,0,0,0,0
Brandon - Mandarin Cookies,0,0,0,0,0,0,0,0,0,0,0,0,0,0,0,0,0,0,0,0
Haywood Bud - Blockberry,0,0,0,0,0,0,0,0,0,0,0,0,0,0,0,0,0,0,0,0
Josh Cooper - PKB,0,0,0,0,0,0,0,0,0,0,0,0,0,0,0,0,0,0,0,0
Nice Growing - HTNT,0,0,0,0,0,0,0,0,0,0,0,0,0,0,0,0,0,0,0,0
Jeff Burns - B21,0,0,0,0,0,0,0,0,0,0,0,0,0,0,0,0,0,0,0,0
B* Baby D,0,0,0,0,0,0,0,0,0,0,0,0,0,0,0,0,0,0,0,0
Charlie Walter - Game Changer,0,0,0,0,0,0,0,0,0,0,0,0,0,0,0,0,0,0,0,0
Brad Kretzer - CRH,0,0,0,0,0,0,0,0,0,0,0,0,0,0,0,0,0,0,0,0
B* Deathstar,0,0,0,0,0,0,0,0,0,0,0,0,0,0,0,0,0,0,0,0
Liberty Garden - MAC1,0,0,0,0,0,0,0,0,0,0,0,0,0,0,0,0,0,0,0,0
Sample A,0,0,0,0,0,0,0,0,0,0,0,0,0,0,0,0,0,0,0,0
LAK,24.5,2.59,0.31,0.64,0.12,0.05,0,0,0,0,0,0,0,0,0,0,0,0,0,0
MF6,21.2,0.48,0.52,1.08,0,0.05,0,0,0,0,0,0,0,0,0,0,0,0,0,0
Astropop,21.8,2.49,0.36,0.45,0.12,0.14,0,0,0.06,0,0,0,0,0,0,0,0,0,0,0
Headband,16.7,0.3,0.63,0.23,0.24,0.09,0,0,0,0,0,0,0,0,0,0,0,0,0,0
Dreamsicle,24,1.83,0.66,0.63,0.1,0.15,0,0,0.06,0,0,0,0,0,0,0,0,0,0,0
Velvet Heat,18.3,2.96,0.76,0.22,0.11,0.15,0,0,0.05,0,0,0,0,0,0,0,0,0,0,0
London Punch,22.9,1.17,0.12,0.42,0.09,0.05,0,0,0,0,0,0,0,0,0,0,0,0,0,0
Kush Mints,27.2,1.53,0.57,0.92,0.09,0.11,0,0,0,0,0,0,0,0,0,0,0,0,0,0
Oreoz,28.1,1.13,0.74,1.07,0.09,0.14,0,0,0,0,0,0,0,0,0,0,0,0,0,0
Han Solo Burger,26.4,2.35,0.22,0.75,0.16,0.11,0,0,0.07,0,0,0,0,0,0,0,0,0,0,0
MB Kush,19.3,0.58,0.6,0.22,0.06,0.06,0,0,0,0,0,0,0,0,0,0,0,0,0,0
Zkittlez,20.2,2.09,2.27,0.3,0.19,0.31,0,0,0,0,0,0,0,0,0,0,0,0,0,0
HVAC OG,11.4,0.35,1.66,0.24,0.06,0.09,0,0,0,0,0,0,0,0,0,0,0,0,0,0
Purple Frost Giant,17.9,0.47,0.77,0.23,0.26,0.1,0,0,0,0,0,0,0,0,0,0,0,0,0,0
Mac1,26.2,2.39,0.39,0.61,0.21,0.06,0,0,0,0,0,0,0,0,0,0,0,0,0,0
Strawberry Fritter,27.5,2.4,0.6,0.32,0.1,0.17,0,0,0.05,0,0,0,0,0,0,0,0,0,0,0
Kimbo Kush,14.8,1.32,1.38,0.37,0.1,0,0,0,0,0,0,0,0,0,0,0,0,0.11,0,0
Radderall,32,1.27,0.14,0.28,0.32,0.25,0,0,0.05,0,0,0,0,0,0.06,0.25,0,0.08,0,0
Fruit Roll,25.4,0.63,0.39,0.21,0.16,0.13,0,0,0,0,0,0,0,0,0,0,0,0,0,0
Strawberry Parfait,25.2,0.68,0.35,0.24,0.13,0.12,0,0,0,0,0,0,0,0,0,0,0,0,0,0
Strawberry Parfait,25.2,0.68,0.35,0.24,0.13,0.12,0,0,0,0,0,0,0,0,0,0,0,0,0,0
MAC1 Caps Cut,26,1.13,0.6,0.41,0.17,0,0,0,0.07,0,0,0,0,0,0,0,0,0,0,0
Frosted Apricots,24.2,1.38,0.37,0.22,0.19,0.12,0,0,0,0,0,0,0,0,0,0,0,0,0,0
Candy Store Rbx,29.9,0.44,0.7,0.33,0.2,0.17,0,0,0.09,0,0,0,0,0,0,0,0,0,0,0
Key Lime Fire,19.6,0.21,1.13,0.22,0.07,0.15,0,0,0,0,0,0,0,0,0,0,0,0,0,0
Colin OG Rbx,24.4,0.85,0.89,0.23,0.14,0.19,0,0,0.07,0,0,0,0,0,0,0,0,0,0,0
Candy Store Harvest Right,25.4,0.59,0.6,0.31,0.14,0.15,0,0,0.09,0,0,0,0,0,0,0,0,0,0,0
Grape Jelly,19.1,0.85,0.34,0.21,0.08,0.09,0,0,0.07,0,0,0,0,0,0,0,0,0,0.06,0
MB Kush,4.76,0.24,0.48,0.29,0,0.11,0.13,0,5.71,0,0,0,0,0,0,0,0,0,0,0
Raspberry Gorilla,18.7,0.91,1.12,0.18,0.11,0.11,0,0,0,0,0,0,0,0,0,0,0,0,0,0
Raspberry Apple,18.2,0.54,0.34,0.17,0.06,0.09,0,0,0,0,0,0,0,0,0,0,0,0,0,0
Vanilla Sun Breath,18.1,0.49,2.01,0.19,0.17,0.2,0,0,0.05,0,0,0,0,0,0,0,0,0,0,0
MAC1 Caps Cut,23.9,1.4,0.64,0.37,0.16,0,0,0,0.06,0,0,0,0,0,0,0,0,0,0,0
Zkittlez,28.7,0.82,0.59,0.31,0.12,0.15,0,0,0,0,0,0,0,0,0,0,0,0,0,0
Moby Grape,17,0.22,0.23,0.15,0.09,0.11,0,0,0,0,0,0,0,0,0,0,0,0,0,0
Gorilla Banna,19.5,0.4,0.5,0.27,0.11,0.2,0,0,0,0,0,0,0,0,0,0,0,0,0,0
Blueberry Headband,22.1,0.45,0.59,0.29,0.14,0.23,0,0,0,0,0,0,0,0,0,0,0,0,0,0
Prayer Pupil,21.2,0.16,0.5,0.22,0.1,0,0,0,0,0,0,0,0,0,0,0,0,0,0,0
Grape Gas,27.1,1.5,0.36,0.37,0.11,0.16,0,0,0,0,0,0,0,0,0,0,0,0,0,0
Gary Peyton,20.5,0.7,0,0.35,0.09,0.12,0,0,0.05,0,0,0,0,0,0,0.46,0,0,0,0
Glazed Apricot,17.6,1.21,4.57,0.25,0.08,0.21,0,0,0,0,0,0,0,0.06,0,0.4,0,0,0,0
Cap Junky,26.4,1.52,0,0.36,0.15,0.15,0,0,0.06,0,0,0,0,0,0,0.23,0,0,0,0
Bahama Berry #3 A,21.8,0.98,0.35,0.3,0.1,0.14,0,0,0,0,0,0,0,0,0,0.51,0,0,0,0
MAC1 - Cap Cut B,13,0.92,0.26,0.26,0.06,0.27,0,0,0,0,0,0,0,0,0,0.12,0,0,0,0
MAC1 - Cap Cut A,24.1,1.74,0.34,0.69,0.15,0,0,0,0.07,0,0,0,0,0,0,0.17,0,0,0,0
Mimosa,19.9,1.59,0.9,0.21,0.36,0.11,0,0,0.05,0,0,0,0,0,0,0.24,0,0,0,0
Bahama Berry #3 B,20.7,1.09,0.35,0.28,0.1,0.15,0,0,0,0,0,0,0,0,0,0.53,0,0,0,0
Mendo,1.72,0,5.91,0.17,0,0,0,0.39,0,0,0,0,0,0.15,0,0,0,0,0,0
Sour Orange,3.77,0.13,2.3,0.08,0,0.09,0,0,0,0,0,0,0,0,0,0.3,0,0,0,0
Purple Dragon,3.3,0,6.58,0.23,0,0.05,0,0.29,0,0,0,0,0,0.13,0,0,0,0,0,0
"Bergman's ""Gold Leaf""",16.6,0.15,0.85,0.15,0.06,0.07,0,0,0.06,0,0,0,0,0,0,0,0,0,0,0
Bruce Banner,19.1,0.57,0.82,0.19,0.16,0.12,0,0,0.07,0,0,0,0,0,0,0,0,0,0,0
Mandarin Jack,23.2,0.73,0.46,0.29,0.12,0.09,0,0,0,0,0,0,0,0,0,0.39,0,0,0.08,0
Banana Bread,22,1.74,1.86,0.23,0.16,0.23,0,0,0,0,0,0,0,0,0.1,0.34,0,0,0.09,0
Banana Ice Cream,25.4,1.77,1.41,0.24,0.22,0.22,0,0,0,0,0,0,0,0,0.06,0,0,0,0.08,0
Waffle Dough,23.6,1.11,1.71,0.28,0.11,0.22,0,0,0.05,0,0,0,0,0,0.05,0,0,0,0,0
Amherst Sour Diesel,17.5,1.59,0.41,0.13,0,0.06,0,0,0,0,0,0,0,0,0,0,0,0,0,0
Mango Sapphire,21.7,0.55,0.23,0.21,0,0,0,0,0,0,0,0,0,0,0,0,0,0,0,0
Chronic Bio Diesel Fuel Flower,0.37,0.61,0.19,0.5,0,0.14,1.98,0,10,0,0,0,0,0.15,0,0,0,0,0,0
Grandpa Breath,14,0.73,2.19,0.23,0.05,0.11,0,0.06,0,0,0,0,0,0,0,0,0,0,0.23,0
Foot Cheese Auto,22,1.61,1.36,0.23,0.13,0.18,0,0,0,0,0,0,0,0,0,0.46,0,0,0.07,0
Forum Stomper Auto,30,0.55,0.57,0.24,0.22,0.08,0,0,0.07,0,0,0,0,0,0,0,0,0,0.12,0
Black Cherry Cheesecake Cookies,21.6,0.95,1.19,0.18,0.09,0.16,0,0,0.06,0,0,0,0,0,0,0,0,0,0,0
Papaya Cake,29.9,1.61,0.65,0.25,0.16,0.32,0,0,0.07,0,0,0,0,0,0,0.47,0,0,0,0
Stay Puft,23.7,1.96,0.7,0.31,0.12,0.26,0,0,0,0,0,0,0,0,0,0.61,0,0,0,0
Apple Fritter,24.8,0.79,0.55,0.16,0.1,0.13,0,0,0.06,0,0,0,0,0,0,0.48,0,0,0,0
Runtz,0,0,0,0,0,0,0,0,0,0,0,0,0,0,0,0,0,0,0,0
AK-47,0,0,0,0,0,0,0,0,0,0,0,0,0,0,0,0,0,0,0,0
Purple Chemdawg,0,0,0,0,0,0,0,0,0,0,0,0,0,0,0,0,0,0,0,0
Emergen-C,0,0,0,0,0,0,0,0,0,0,0,0,0,0,0,0,0,0,0,0
44713,15.9,0.25,0.41,0.08,0.08,0,0,0,0,0,0,0,0,0,0,0.18,0,0,0,0
Critical Kush,18.3,1.31,1.15,0.26,0.2,0.19,0,0,0,0,0,0,0,0,0,0,0,0,0,0
Wedding Cake 1,19.9,0.71,0.31,0.26,0.14,0.12,0,0,0,0,0,0,0,0,0,0,0,0,0,0
Punch Breath,22.4,0.97,0.32,0.38,0.12,0.18,0,0,0,0,0,0,0,0,0,0,0,0,0,0
Kitchen Sink,30.3,1.11,1.33,0.32,0.18,0.11,0,0,0.06,0,0,0,0,0,0.08,0.57,0,0,0,0
LD X FP X Runtz B,29.7,0.52,0.58,0.25,0.22,0.11,0,0,0,0,0,0,0,0,0.09,0,0,0,0,0
LD X FP X LD X FP E,22.1,1.78,0.83,0.26,0,0.18,0,0,0,0,0,0,0,0,0.08,0,0,0,0,0
Super Pink,7.24,0.08,1.4,0.16,0,0,0,0,0,0,0,0,0,0,0,0,0,0,0,0
Lemon Cherry Gelato,7.37,0,0.93,0.18,0,0,0,0,0,0,0,0,0,0,0,0,0,0,0,0
Axle Grease,18.7,0.73,1.48,0.25,0.3,0.06,0,0,0.05,0,0,0,0,0,0.07,0.26,0,0,0,0
Seed Junky Genetics-Jealousy #5,33,1.4,0.28,0.21,0.18,0.13,0,0,0.09,0,0,0,0,0,0,0,0.07,0,0,0
Twenty20 5g Homegrown,30.8,1.87,0.29,0.47,0.19,0.3,0,0,0,0,0,0,0,0,0,0,0,0,0,0
Mike's OG,15.4,0.43,0.71,0.15,0.05,0.23,0,0,0,0,0,0,0,0,0,0,0,0,0,0
Detroit Hustle x Tropsantos #1,25,1,0.39,0.26,0.22,0.15,0,0,0,0,0,0,0,0,0,0,0,0,0,0
Detroit Hustle x Tropfetti #3,22.7,0.41,0.49,0.32,0.36,0.07,0,0,0.05,0,0,0,0,0,0,0,0,0,0,0
Crom,29.5,1.63,0.28,0.29,0.15,0.24,0,0,0,0,0,0,0,0,0,0,0,0,0,0
Shovels Ice Cream #2,23.8,0.71,0.35,0.21,0.21,0.16,0,0,0.06,0,0,0,0,0,0,0,0,0,0,0
Melt Banana,26.3,0.85,0.57,0.34,0.3,0.12,0,0,0,0,0,0,0,0,0,0,0,0,0,0
Extreme Cream 1,20.2,0.75,0.44,0.22,0.11,0.07,0,0,0.06,0,0,0,0,0,0,0,0,0,0,0
Pineapple Purp,15.1,0.42,0.52,0.19,0.77,0,0,0,0,0,0,0,0,0,0,0,0,0,0,0
Ice God F2,17,0.74,1.16,0.19,0.16,0,0,0,0,0,0,0,0,0,0,0,0,0,0,0
Pink Panther OG,22.2,0.51,1.4,0.26,0.07,0.16,0,0,0.05,0,0,0,0,0,0,0,0,0,0,0
Deep V,25.4,1.28,0.33,0.34,0.18,0,0,0,0.06,0,0,0,0,0,0,0,0,0,0,0
Black Durban X 592,21.3,0.66,2.16,0.24,0.14,0.16,0,0,0.06,0,0,0,0,0,0,0,0,0,0,0
Kimbo Kush,25.9,0.44,0.53,0.16,0.11,0.09,0,0,0,0,0,0,0,0,0,0,0,0,0,0
KL Runts/Kimbo Kush,18.2,0.14,0.34,0.15,0.06,0,0,0,0,0,0,0,0,0,0,0,0,0,0,0
Eager Beaver #2,21.1,0.31,0.16,0.29,0.08,0.11,0,0,0,0,0,0,0,0,0,0,0,0,0,0
French Toast #5,22.7,0.63,0.45,0.13,1.01,0.07,0,0,0,0,0,0,0,0,0,0,0,0,0,0
K.O. Runtz #1,21.4,0.21,0.57,0.12,0.07,0.06,0,0,0,0,0,0,0,0,0,0,0,0,0,0
Banana Bread,25,2.6,1.56,0.29,0.16,0.46,0,0,0.07,0,0,0,0,0,0,0,0,0,0,0
Mandarin Jack,20.6,0.47,0.51,0.3,0.08,0.09,0,0,0.05,0,0,0,0,0,0,0,0,0,0,0
Apple Jacks,24.4,1.87,0.36,0.48,0.1,0.2,0,0,0.06,0,0,0,0,0,0,0.66,0,0,0,0
Frozen Runtz,28.8,0.78,0.25,0.23,0.12,0.09,0,0,0.07,0,0,0,0,0,0,0,0,0,0,0
Popscotti,24.6,0.7,0.32,0.24,0.08,0.21,0,0,0.06,0,0,0,0,0,0,0.38,0,0,0,0
Fang,25.6,1.61,0.37,0.36,0.09,0,0,0,0.06,0,0,0,0,0,0,0.78,0,0,0,0
Garlicane,26,1.31,0,0.17,0.2,0.1,0,0,0,0,0,0,0,0,0,0,0,0,0,0
Punch 3.0,15.4,0.08,0,0.16,0.1,0,0,0,0,0,0,0,0,0,0,0,0,0,0,0
Banana Ice Cream,25.1,1.8,0.32,0.22,0,0.17,0,0,0.06,0,0,0,0,0,0,0,0,0,0,0
FMJ 6,21.3,0.49,0.2,0.41,1.18,0.14,0,0,0.06,0,0,0,0,0,0,0.49,0,0,0,0
Black Magic,12.8,0.22,0.26,0.22,0.09,0.08,0,0,0,0,0,0,0,0,0,0,0,0.25,0,0
Blue Dream 2,16.8,2.38,0.97,0.17,0,0.09,0,0,0,0,0,0,0,0,0,0,0,0,0,0
Purple Frosting,18.2,0.21,0.59,0.35,0.07,0.08,0,0,0,0,0,0,0,0,0,0.16,0,0.07,0,0
Pure Michigan,21.6,0.38,1.69,0.32,0.1,0.08,0,0,0,0,0,0,0,0,0,0.26,0,0,0,0
Blue Dream 1,24.8,1.06,0.14,0.23,0.13,0.09,0,0,0.06,0,0,0,0,0,0,0,0,0,0,0
Miami Mami,20.7,0.85,0.49,0.24,0.34,0.09,0,0,0.05,0,0,0,0,0,0.06,0,0,0.18,0,0
Apple Fritter,26.4,0.51,0.8,0.27,0.11,0.14,0,0,0.06,0,0,0,0,0,0,0.37,0,0.18,0,0
Cream Pie,5.63,0,0.34,0.09,0,0,0,0,0,0,0,0,0,0,0,0.22,0,0,0,0
Uncle Monkey,16.6,0.58,0.54,0.16,0.09,0.07,0,0,0,0,0,0,0,0,0,0.44,0,0,0,0
Garlic Breath,17.8,0.36,0.29,0.18,0.09,0.06,0,0,0,0,0,0,0,0,0.09,0.45,0,0.07,0,0
White Papaya,24.8,0.31,0.27,0.24,0.1,0.21,0,0,0,0,0,0,0,0,0.17,0.35,0,0.13,0,0
Ice Cream Cake,21.1,0.94,0.39,0.28,0.06,0.13,0,0,0.05,0,0,0,0,0,0.05,0,0,0.21,0,0
Black Magic,12.8,0.22,0.26,0.22,0.09,0.08,0,0,0,0,0,0,0,0,0,0,0,0.25,0,0
Trop Punch,18.1,1.38,0.22,0.32,0.2,0.12,0,0,0,0,0,0,0,0,0.09,0,0,0.07,0,0
Key Lime Kush,22.9,0.71,0.48,0.57,0.07,0.12,0,0,0.07,0,0,0,0,0,0.08,0,0,0.08,0,0
FMJ 4,16.2,1.07,0.33,0.33,0.9,0.17,0,0,0.06,0,0,0,0,0,0,0,0,0,0,0
Critical Mass,8.41,1.03,0.34,0.95,0.06,0.12,0.09,0,11.2,0.05,0,0,0,0,0,0,0,0.17,0,0
Tree #14,24.4,0.97,0.81,0.28,0.12,0.16,0,0,0.06,0,0,0,0,0,0.08,0,0,0.07,0,0
Tree #12,15.8,0.25,4.01,0.2,0.09,0.1,0,0,0,0,0,0,0,0,0,0.36,0,0,0,0
Super Maui-O,23.3,1.41,0.5,0.49,0.2,0.21,0,0,0.06,0,0,0,0,0,0,0,0,0.18,0,0
Colorado Cherry Hemp Flower,0,0.1,0.1,0.12,0,0.11,2.6,0,4.67,0,0,0,0,0.16,0,0,0,0.05,0,0
VELQRO,20,1.22,0.13,0.13,0.13,0.14,0,0,0,0,0,0,0,0,0,0.21,0,0,0,0
N.O.M. Seeds,0,0,0,0,0,0,0,0,0,0,0,0,0,0,0,0,0,0,0,0
Tropsantos,24.8,1.19,0.41,0.16,0.81,0.2,0,0,0,0,0,0,0,0,0,0.47,0,0,0,0
Shovels Icecream #2,21.2,0.56,0.38,0.24,0.2,0.13,0,0,0,0,0,0,0,0,0,0,0,0.07,0,0
3B325C #6,22.7,1.28,0.58,0.26,0.11,0.11,0,0,0,0,0,0,0,0,0,0,0,0.1,0,0
Detroit Hustle x Tropfetti #2,19.6,1.09,0.68,0.17,0,0.08,0,0,0,0,0,0,0,0,0,0.23,0,0,0,0
Crom #6,25.4,1.35,0.17,0.22,0.12,0.19,0,0,0,0,0,0,0,0,0,0,0,0.16,0,0
Biscotti,19.3,1.71,1.12,0.39,0.27,0.14,0,0,0,0,0,0,0,0,0,0,0,0,0,0
Swamp Thing,24.5,1.19,0.26,0.21,0.13,0.18,0,0,0.05,0,0,0,0,0,0.05,0.32,0,0,0,0
Animal Mints BX1,18.5,0.91,0.33,0.14,0,0.06,0,0,0,0,0,0,0,0,0.05,0.44,0,0,0,0
Gorilla Glue #4,24,0.46,0.43,0.2,0.12,0.09,0,0,0,0,0,0,0,0,0,0.5,0,0,0,0
Velvet Glove,26.1,0.7,0.37,0.31,0.15,0.09,0,0,0,0,0,0,0,0,0.05,0.47,0,0.22,0,0
Snowball S1,21.3,0.78,0.24,0.35,0.14,0.15,0,0,0,0,0,0,0,0,0,0.31,0,0.21,0,0
Animal Mints BX1,18.5,0.91,0.33,0.14,0,0.06,0,0,0,0,0,0,0,0,0.05,0.44,0,0,0,0
strawberry cream x wilson x grease monkey,20.1,0.5,0.8,0.19,0.06,0.07,0,0,0,0,0,0,0,0,0,0.41,0,0,0,0
Apes in Space,22.2,0.69,0.23,0.21,0.09,0.11,0,0,0,0,0,0,0,0,0,0,0,0,0,0
Cactus Breath (Green),24.6,1.29,0.65,0.26,0.25,0.12,0,0,0,0,0,0,0,0,0,0.07,0,0,0,0
Garlic Breath,23,1.22,0.24,0.31,0.08,0.12,0,0,0,0,0,0,0,0,0,0.25,0,0.05,0,0
Sugarcane,24.5,1.63,0.27,0.42,0.18,0.19,0,0,0,0,0,0,0,0,0,0,0,0,0,0
Watermelon Haze,18,0.67,0.99,0.21,0.08,0.11,0,0,0,0,0,0,0,0,0,0,0,0,0,0
PacMan (afpak x pinkman),13,0.49,0.56,0.16,0.09,0.06,0,0,0,0,0,0,0,0,0,0,0,0,0,0
Strawberry Diesel,20.2,0.37,0.53,0.17,0.14,0.13,0,0,0,0,0,0,0,0,0,0.33,0,0.06,0,0
Colombian Prophet,22.9,0.29,0.57,0.21,0.16,0.64,0,0,0.06,0,0,0,0,0,0,0,0,0,0,0
"PBnJ ""Docs Cut""",23.5,0.98,0.38,0.24,0.1,0.09,0,0,0,0,0,0,0,0,0,0,0,0,0,0
Frosted Garlic Margy,16.6,0.32,3.63,0.17,0.12,0.08,0,0,0,0,0,0,0,0,0,0,0,0,0,0
FFO,23.4,1.16,2.13,0.25,0.2,0.12,0,0,0,0.05,0,0,0,0,0,0,0,0,0,0
MSDO,26.3,1.36,1.72,0.4,0.15,0.15,0,0,0,0,0,0,0,0,0,0,0,0,0,0
Blackberry OG,15.6,0.38,4.79,0.38,0.1,0.14,0,0,0,0,0,0,0,0.08,0,0,0,0,0,0
MOB,11.9,0.37,2.74,0.14,0.1,0.13,0,0,0,0,0,0,0,0,0,0,0,0,0,0
Strawberry Éclair,18.7,2.07,0.52,0.38,0.12,0.16,0,0,0,0,0,0,0,0,0,0,0,0,0,0
Strawberry Cough,23.7,0.88,1.11,0.26,0.28,0.12,0,0,0,0,0,0,0,0,0,0,0,0,0,0
Purple Chemdawg,23.1,0.52,0.74,0.24,0.13,0.08,0,0,0,0,0,0,0,0,0,0,0,0,0,0
GMO21,24.1,1.94,0.77,0.59,0.1,0.07,0,0,0,0,0,0,0,0,0,0,0,0,0,0
Banana Bread,22.9,2.07,1.4,0.22,0.16,0.24,0,0,0,0,0,0,0,0,0.09,0.47,0,0,0,0
Waffle Cone,26.2,1.27,1.58,0.27,0.14,0.17,0,0,0,0,0.07,0,0,0,0.06,0,0,0,0,0
Barn Burner,19.9,0.41,0.56,0.33,0.16,0.08,0,0,0,0,0.11,0,0,0,0.06,0,0,0,0,0
Rotten Mango,20.4,0.79,1.16,0.25,0,0.06,0,0,0,0,0.07,0,0,0,0,0,0.06,0,0,0
Banana Ice Cream,26.8,1.29,1.03,0.33,0.2,0.22,0,0,0,0,0,0,0,0,0.07,0,0,0,0,0
Waffle Dough,25.3,1.05,2,0.41,0.12,0.23,0,0,0,0,0,0,0,0,0,0,0,0,0,0
Pinewalker CBDv #1,0.31,0.34,0,0.45,0.27,0.07,0.15,0,7.85,6.98,0,0,0.15,0,0,0,0,0,0,0
Pinewalker CBDv #2,0.31,0.38,0,0.46,0.32,0.07,0.13,0,7.76,8.05,0,0,0.11,0,0,0,0,0,0,0
Forbidden V #2,0.42,0.4,0,0.7,0.27,0.09,0.23,0,11,6.82,0,0,0.12,0,0,0,0,0,0,0
HPC21,28,0.55,1.98,0.3,0.24,0.08,0,0,0.07,0,0,0,0,0,0,0,0,0,0,0
ACBDC-Sample #1,0.42,0,0.1,0.55,0,0,0.87,0,11.6,0.11,0,0,0,0.06,0,0,0,0,0.12,0
Cherry Pie,23.9,0.52,0.67,0.45,0.08,0.14,0,0,0.06,0,0,0,0,0,0.12,0,0,0,0,0
White Widow,20.5,1.17,0.32,0.23,0.08,0.16,0,0,0,0,0,0,0,0,0.12,0,0,0,0,0
Bruce Banner,20.2,0.6,0.86,0.19,0.1,0.13,0,0,0.05,0,0,0,0,0,0,0.65,0,0,0,0
Golden Lemon & Unknown,19,0.32,2.15,0.3,0.2,0.12,0,0,0.05,0,0,0,0,0,0,0,0,0.1,0,0
Hemp Flower,0.54,0.87,0.07,0.59,0,0.07,0.39,0,14,0.13,0,0,0,0,0.09,0,0,0,0,0
Pre Roll,0.6,0.53,0.09,0.64,0,0.07,0.52,0,15.1,0.13,0,0,0,0.05,0.09,0,0,0,0,0
Space Cheese X Astrodawg,20.7,1.5,1,0.18,0.14,0.15,0,0,0,0,0,0,0,0,0.07,0,0,0,0,0
Sweet N' Stanky #4,27.8,0.8,0.57,0.3,0.22,0.11,0,0,0,0,0,0,0,0,0,0,0,0.21,0,0
Purple Candy,21,1.34,0.76,0.31,0.08,0.12,0,0,0.05,0,0,0,0,0,0.09,0,0,0.19,0,0
Platinum Cookie Glue #1,22,1.66,1.58,0.19,0.09,0.09,0,0,0.06,0,0,0,0,0,0,0,0,0.12,0,0
Werewolf OG #1,25.2,2.58,0.64,0.22,0.16,0.14,0,0,0.06,0,0,0,0,0,0,0,0,0,0,0
Wonder Woman,21.9,3.61,0.39,0.15,0.1,0.17,0,0,0.06,0,0,0,0,0,0.15,0,0,0.27,0,0
Lemon Thriller,17.4,2.28,3.15,0.36,0.12,0.28,0,0,0,0.08,0,0,0,0,0,0,0,0,0,0
Gorilla Water,28.4,1.93,0.16,0.21,0.21,0.14,0,0,0.08,0,0,0,0,0,0,0,0,0,0,0
Mango Sherbet,21.2,0.55,0.35,0.24,0.14,0.07,0,0,0,0,0,0,0,0,0,0,0,0,0,0
Purple Mountain Majesty,23.8,0.35,0.56,0.41,0.14,0.21,0,0,0.06,0,0,0,0,0,0,0,0,0.28,0,0
Pine Sap Kush (CBD),0.6,0.59,0,0.82,0,0.06,0.2,0,14.5,0.08,0,0,0,0,0,0,0,0.07,0,0
White Cherry Gelato,22,1.32,1.89,0.25,0.1,0.18,0,0,0.06,0,0,0,0,0,0,0,0,0,0,0
Rainbow Belts,25.6,1.22,3.37,0.2,0.1,0.2,0,0,0.05,0,0,0,0,0,0,0,0,0,0,0
Funnel Cake,24.6,1.65,1.39,0.3,0.13,0.12,0,0,0.06,0,0,0,0,0,0.16,0,0,0.2,0,0
White Raspberry Gelato,14.8,0.11,7.27,0.16,0.05,0.13,0,0,0,0,0,0,0,0.06,0.07,0,0,0.15,0,0
Hasidic Chem,30.3,0.88,1.15,0.27,0.17,0.19,0,0,0.05,0,0,0,0,0,0,0,0,0,0,0
Butterwolf,26.1,0.84,1.1,0.17,0.1,0.21,0,0,0.07,0,0,0,0,0,0.06,0.39,0,0,0,0
ButterStuff 3,25.7,1.19,0.7,0.25,0.11,0.11,0,0,0,0,0,0,0,0,0.07,0.46,0,0,0,0
ButterStuff 6,25.2,0.75,0.51,0.19,0.12,0.08,0,0,0.07,0,0,0,0,0,0.14,0,0,0.25,0,0
Panm,23.9,1.03,0.74,0.2,0.15,0.14,0,0,0,0,0,0,0,0,0.11,0.56,0,0.06,0,0
Gorilla Bomb,22.9,0.56,1.38,0.31,0,0.09,0,0,0.06,0,0,0,0,0,0.08,0,0,0.09,0,0
Fruit Loops,18,0.91,0.26,0.31,0.13,0,0,0,0,0,0,0,0,0,0,0.08,0,0.1,0,0
Powpaya #3,26.6,0.78,0.28,0.21,0.13,0.1,0,0,0,0,0,0,0,0,0,0.28,0,0.06,0,0
Diesel Biscotti Sundae,24.9,0.37,0.57,0.44,0.13,0.2,0,0,0,0,0,0,0,0,0.06,0,0,0.3,0,0
GMO,27.9,0.75,1.04,0.26,0.13,0.13,0,0,0.07,0,0,0,0,0,0.05,0,0,0,0,0
Rad,29.4,1.1,0.56,0.28,0.3,0.12,0,0,0.08,0,0,0,0,0,0.05,0,0,0,0,0
Mac N Cookies,18.5,0.31,1.63,0.16,0.14,0.06,0,0,0,0,0,0,0,0,0,0.28,0,0,0,0
Zkittlez,26.6,0.58,1.82,0.21,0.13,0.13,0,0,0,0,0,0,0,0,0.12,0,0,0,0,0
Dosido,24.3,1.01,0.86,1,0.14,0.23,0,0,0.06,0,0,0,0,0,0.06,0.33,0,0,0,0
Peanut Butter Cake Mix,15.2,0.22,0.71,0.14,0.07,0.12,0,0,0,0,0,0,0,0,0,0.33,0,0,0,0
Chmdawg,26.3,0.69,0.85,0.28,0.13,0.12,0,0,0.07,0,0,0,0,0,0.05,0.32,0,0,0,0
Ice Cream Cake,19.6,0.59,2.68,0.72,0.09,0.1,0,0,0,0,0,0,0,0.06,0.07,0,0,0,0,0
Wilson Zero,23,0.28,0.41,0.17,0.11,0.15,0,0,0.06,0,0,0,0,0,0.06,0.22,0,0,0,0
Wet Paint,16.8,0.59,1.28,0.13,0.14,0,0,0,0,0,0,0,0,0,0,0.43,0,0,0,0
Wedding Crasher,28.3,2.11,0.98,0.27,0.19,0.18,0,0,0.07,0,0,0,0,0,0,0,0,0.1,0,0
Turkish Delight,18.92,0.76,0.44,0.21,0,0.06,0,0,0.05,0,0,0,0,0,0,0,0,0,0,0
Flower Sample,21.1,0.78,3.07,0.24,0.13,0.16,0,0,0.07,0,0,0,0,0,0,0.46,0,0,0,0
Grapefruit Chem,19,0.22,6.02,0.25,0.21,0.23,0,0,0.07,0,0,0,0,0.06,0,0,0,0,0,0
LA Kusk Cake #2,31,0.74,0.87,0.25,0,0.07,0,0,0.08,0,0,0,0,0,0,0,0,0.07,0,0
Skunk Hero Flower,17,0.79,0.57,0.99,0.15,0.39,0,0,0.06,0,0,0,0,0,0,0,0,0,0,0
Salami Glue 44,17.6,0.35,0.99,0.18,0,0.12,0,0,0,0,0,0,0,0,0,0,0,0,0,0
Sweet Jake Haze,18.7,1.31,1.19,0.28,0,0,0,0,0.07,0,0,0,0,0,0,0,0,0,0,0
Jar 7,19.86,0.55,4.12,0.2,0.2,0.14,0,0,0.07,0,0,0,0,0.05,0,0,0,0,0,0
Jar 2,21.86,0.67,2.87,0.19,0,0.14,0,0,0.07,0,0,0,0,0,0,0,0,0,0,0
Pheno Cup Flower D,27.3,0.82,0.34,0.42,0,0.2,0,0,0.05,0,0,0,0,0,0,0,0,0,0,0
Purple Punch,19.99,0.15,1.08,0.25,0,0,0,0,0.05,0,0,0,0,0,0,0,0,0,0,0
Purple Cake,16.02,0.41,1.46,0.17,0,0.09,0,0,0,0,0,0,0,0,0,0,0,0,0,0
Charolette,0.6,0.12,0,0.61,0,0.08,0.48,0,13.5,0.06,0,0,0,0,0,0,0,0,0,0
G13 x GMO,19.62,0.27,0.23,0.15,0.72,0,0,0,0,0,0,0,0,0,0,0,0,0,0,0
Triangle Pupil x Seasoned Meat,21.27,0.86,0.45,0.17,1.3,0.1,0,0,0.05,0,0,0,0,0,0,0,0,0,0,0
G13 x GMO,19.62,0.27,0.23,0.15,0.72,0,0,0,0,0,0,0,0,0,0,0,0,0,0,0
Waffle Cone #1,23.3,0.57,0.83,0.3,0.1,0.13,0,0,0,0,0,0,0,0,0,0,0,0,0,0
Mandarin Jack,19,0.42,0.12,0.17,0.09,0,0,0,0,0,0,0,0,0,0,0,0,0,0,0
Waffle Cone #2,21.4,0.71,0.57,0.17,0.1,0.1,0,0,0,0,0,0,0,0,0,0,0,0,0,0
Gaia's Fiyah #2,20.07,0.46,0.26,0.2,0,0.15,0,0,0,0,0,0,0,0,0,0,0,0,0,0
Medi Haze,9.13,0.82,0.38,1.01,0,0.23,0.2,0.09,14.66,0.08,0,0,0,0,0,0,0,0.07,0,0
FMJ #1,17.29,0.11,0.19,0.29,0.86,0.1,0,0,0,0,0,0,0,0,0,0,0,0.05,0,0
Lemon Headband,16.22,1.57,0.22,0.59,0.11,0.07,0,0,0,0,0,0,0,0,0,0,0,0,0,0
Han Solo Burger,26.59,0.99,0.33,0.28,0.15,0.1,0,0,0.06,0,0,0,0,0,0,0,0,0,0,0
Gorrilla Glue #4,22,0.42,0.41,0.28,0,0.09,0,0,0,0,0,0,0,0,0,0,0,0,0,0
Stroopwafel,23.26,1.37,0.47,0.36,0,0.11,0,0,0.05,0,0,0,0,0,0,0,0,0,0,0
FMJ #4,16.04,0.37,0.3,0.71,0.89,0.14,0,0,0,0,0,0,0,0,0,0,0,0,0,0
Runtz,17.09,0.11,2.58,0.34,0,0.05,0,0,0,0,0,0,0,0,0,0,0,0,0,0
Sweeties,18.21,0.83,3.55,0.57,0.07,0.08,0,0,0,0,0,0,0,0,0,0,0,0,0,0
Grape Cookies,13.7,0.24,1.16,0.13,0,0,0,0,0,0,0,0,0,0,0,0,0,0,0,0
Sour Alien OG,24.83,0.25,1.06,0.22,0.14,0.09,0,0,0.06,0,0,0,0,0,0,0,0,0,0,0
Ice Cream Cake,16.9,1.57,1.9,0.47,0.09,0.08,0,0,0,0,0,0,0,0,0,0,0,0,0,0
Blue Dream,18.5,0.83,2.59,0.56,0,0.21,0,0,0,0,0,0,0,0.1,0,0,0,0,0,0
Wedding Cake,16.94,1.81,2.68,0.47,0,0.13,0,0,0,0,0,0,0,0,0,0,0,0.05,0,0
Apple Fritters,17.55,0.23,1.03,0.23,0,0.09,0,0,0,0,0,0,0,0,0,0,0,0,0,0
Sour OG,22.38,0.22,1.21,0.2,0.13,0.08,0,0,0.06,0,0,0,0,0,0,0,0,0,0,0
Zookies,21.04,0.52,0.48,0.22,0.14,0,0,0,0,0,0,0,0,0,0,0,0,0.05,0,0
Mochi,11.58,1.2,4.41,0.35,0,0.1,0,0,0,0,0,0,0,0,0,0,0,0,0,0
Sunset Sherbet,20.79,0.21,0.82,0.29,0.13,0.27,0,0,0.05,0,0,0,0,0,0,0,0,0,0,0
Sunset Sherbet #2,15.18,0.09,1.19,0.15,0,0,0,0,0,0,0,0,0,0,0,0,0,0,0,0
Cheesecake,18.64,0.54,0.23,0.67,0.09,0.1,0,0,0.05,0,0,0,0,0,0,0,0,0,0,0
Skunk Hero,16.48,0.39,0.13,0.54,0,0.21,0,0,0,0,0,0,0,0,0,0,0,0,0,0
Purple Chem,28.58,0.88,0.61,0.26,0,0,0,0,0.07,0,0,0,0,0,0,0,0,0,0,0
Mac Cherry Breath,23.19,0.54,0.14,0.18,0.15,0.06,0,0,0.05,0,0,0,0,0,0,0,0,0,0,0
Slymer x Wilson,21.13,0.26,0.21,0.29,0.74,0.2,0,0,0,0,0,0,0,0,0,0,0,0,0,0
,19.1106621,0.8106164384,0.7728310502,0.2647945205,0.1369178082,0.1155022831,0.01840182648,0.001894977169,0.3600228311,0.05164383562,0.0005707762557,0,0.0008675799087,0.002808219178,0.008287671233,0.05742009132,0.000296803653,0.0148173516,0.002054794521,0